Domain,Num_Params,Param_Names,Param_Values,No.
dk.b8vip.art,8,"a, utm_campaign, utm_source, utm_medium, utm_term, utm_content, fbclid, utm_id","1bf41f01dda2a26242b3e7e23324aaed, facebookads, quangvinh, conversion, 120237853325170234, thethao, IwdGRjcAOkdZZleHRuA2FlbQEwAGFkaWQBqyuw4S2_KnNydGMGYXBwX2lkCjY2Mjg1NjgzNzkAAR4nDtsVYYpXxyjlvpmZH2NcurndLEToa2nA1g1JDBU0Gi947LgJXNhCvOPdTQ_aem_Z7DVJiFB7emXEgd1F_IWTQ, 120237853325150234",1
axjndvucr.com,8,"z, var, pb, pbc, pbi, pbu, psp, eucx","2020815, [ERRORCODE]_2123024, 1a5eb207016ce56c0fde6acd381dd2e31765266588, r_fpQxQYtGOc1Ddp, c18mMOtTryKc1Ddp, ReNOvKOuuB-c1Ddp, Ccs2hmCl9PO6zSb042boWPOCEXHC-EDJjkckioLXMvTYQqc6ojDV4YrlpMvqA799wA8cCxc3ZBht-zQ7tb6JoHhNuQOBuHr3naWmt9Cxeduo08w6aLngdFPQLNlxzPywrvaTEchK9MsfV9DKc1CqpI90IvIM1xtzlwa5gZL99R5eUE1mh96lcvDj-KGAvmzyN8T5oE9UqjF81HCrc0hjkkWh4CqD4wGPrdeFGsG1EmOqg0BnmABJN5Hr8KOOfoLCDyv-cClDaNmOMLSoaOXqoPXHSqPfRTw9Tvjuhzhdw88xh1EnS-mt00qlqbm0FQj-nL1QagNYGTP4w1OU, 3",2
sdlc-esd.oracle.com,6,"GroupName, FilePath, BHost, File, AuthParam, ext","JSC, /ESD6/JSCDL/jdk/8u471-b09/99a6cb9582554a09bd4ac60f73f9b8e6/jre-8u471-windows-x64.exe, javadl.sun.com, jre-8u471-windows-x64.exe, 1765266023_7d80678b8fcdd6ed886af951d9a4b0f6, .exe",3
https://stripchats.io/?affiliateId=091225p2f28zytdl69up4wlcxd9r2c7ikyinltvpu6obbmei93oy5i8ypffm38kt&realDomain=go.stripchat.com&stripbotVariation=NullWidget,0,Error,"HTTPSConnectionPool(host='stripchats.io', port=443): Max retries exceeded with url: /?affiliateId=091225p2f28zytdl69up4wlcxd9r2c7ikyinltvpu6obbmei93oy5i8ypffm38kt&realDomain=go.stripchat.com&stripbotVariation=NullWidget (Caused by SSLError(SSLEOFError(8, '[SSL: UNEXPECTED_EOF_WHILE_READING] EOF occurred in violation of protocol (_ssl.c:1077)')))",4
ad.vic88.cfd,8,"a, utm_campaign, utm_source, utm_medium, utm_term, utm_content, fbclid, utm_id","e6867747685a09961f3ef93b1543d1d6, facebookads, xq, conversion, 120233539089840217, game, IwdGRjcAOm0adleHRuA2FlbQEwAGFkaWQBqyprnLG4qXNydGMGYXBwX2lkCjY2Mjg1NjgzNzkAAR56fi3Y_MeH_s3Dz2p6zd0lCtW6x_-v1WBGuiDdSYIK6TEdRYwlw-QPssVoVg_aem_ogMQydskO92RvYRDetc5Ow, 120233539089830217",5
www.b9sports.online,7,"fbclid, utm_medium, utm_source, utm_id, utm_content, utm_term, utm_campaign","IwdGRjcAOm0cZleHRuA2FlbQEwAGFkaWQBqyx8xfIHVHNydGMGYXBwX2lkCjY2Mjg1NjgzNzkAAR5vUUE-1yUW6igVZFWt6XIUoMiaTMrf4EMF0950MthrL-AHDKGsZ_IPuwa0OQ_aem__Trva4MbmlOINJ2CP1_Psg, paid, fb, 120238729424020100, 120238729424040100, 120238729424100100, 120238729424020100",6
cf789vn.club,7,"fbclid, utm_medium, utm_source, utm_id, utm_content, utm_term, utm_campaign","IwdGRjcAOm0kVleHRuA2FlbQEwAGFkaWQBqypJxKUMEXNydGMGYXBwX2lkCjY2Mjg1NjgzNzkAAR7TzJX7Vb9jCBQYC4ZSrpyALtE8dV3VKNpIaPOBSYlLvr8u9dM76XTZP3hccQ_aem_2riyYx-ecH5vr6Ei0BAfRQ, paid, fb, 120236311240320177, 120236311240490177, 120236311240450177, 120236311240320177",7
login.thethaobig88.autos,8,"a, utm_campaign, utm_source, utm_medium, utm_term, utm_content, fbclid, utm_id","baa1caa6f3a034060fa80ce5526e67c8, facebookads, toto, conversion-120240533429960260, New Leads Ad Set - Copy, sport, IwdGRjcAOm0nhleHRuA2FlbQEwAGFkaWQBqy9QSjWDRHNydGMGYXBwX2lkCjY2Mjg1NjgzNzkAAR4iH9EaKc4DM_8qylI0VTjjFtnIwQ5SPxNFnbLTGJ0b-5lnp2mRztx4a6q1QQ_aem_YVS4gKW_tRIUBSMrQpmyrA, 120240533313390260",8
https://all.kong88d.club/?a=fafb81ed19118d1315fdbd7db664c663&utm_campaign=facebookads&utm_source=toto&utm_medium=conversion&utm_content=sports&fbclid=IwdGRjcAOm0pFleHRuA2FlbQEwAGFkaWQBqyt-4HM2nXNydGMGYXBwX2lkCjY2Mjg1NjgzNzkAAR7AOa26afAWqkkdJW5hFFfSq-0wwTqvbPGHmwTo0rUP2_MQyRHPn0GShVGvUA_aem_sEKMGXs3IAySVrgXvHBTvA&utm_id=120237638861310781&utm_term=120237638861480781,0,Error,"HTTPSConnectionPool(host='all.kong88d.club', port=443): Max retries exceeded with url: /?a=fafb81ed19118d1315fdbd7db664c663&utm_campaign=facebookads&utm_source=toto&utm_medium=conversion&utm_content=sports&fbclid=IwdGRjcAOm0pFleHRuA2FlbQEwAGFkaWQBqyt-4HM2nXNydGMGYXBwX2lkCjY2Mjg1NjgzNzkAAR7AOa26afAWqkkdJW5hFFfSq-0wwTqvbPGHmwTo0rUP2_MQyRHPn0GShVGvUA_aem_sEKMGXs3IAySVrgXvHBTvA&utm_id=120237638861310781&utm_term=120237638861480781 (Caused by SSLError(SSLEOFError(8, '[SSL: UNEXPECTED_EOF_WHILE_READING] EOF occurred in violation of protocol (_ssl.c:1077)')))",9
https://ad.choibu88.vip/?a=exo_7aaca9be79e260149be6624bec1905d5&utm_campaign=facebookads&utm_source=fbpanda&utm_medium=conversion&utm_term=120237675251990337&utm_content=bong&fbclid=IwdGRjcAOm0qhleHRuA2FlbQEwAGFkaWQBqyuHf4PncXNydGMGYXBwX2lkCjY2Mjg1NjgzNzkAAR7AOa26afAWqkkdJW5hFFfSq-0wwTqvbPGHmwTo0rUP2_MQyRHPn0GShVGvUA_aem_hvvKWUyt2EgwDvag-m4j0g&utm_id=120237675252010337,0,Error,"HTTPSConnectionPool(host='ad.choibu88.vip', port=443): Max retries exceeded with url: /?a=exo_7aaca9be79e260149be6624bec1905d5&utm_campaign=facebookads&utm_source=fbpanda&utm_medium=conversion&utm_term=120237675251990337&utm_content=bong&fbclid=IwdGRjcAOm0qhleHRuA2FlbQEwAGFkaWQBqyuHf4PncXNydGMGYXBwX2lkCjY2Mjg1NjgzNzkAAR7AOa26afAWqkkdJW5hFFfSq-0wwTqvbPGHmwTo0rUP2_MQyRHPn0GShVGvUA_aem_hvvKWUyt2EgwDvag-m4j0g&utm_id=120237675252010337 (Caused by SSLError(SSLEOFError(8, '[SSL: UNEXPECTED_EOF_WHILE_READING] EOF occurred in violation of protocol (_ssl.c:1077)')))",10
https://ad.chientip88.pro/?a=exo_dd7b56f14a89c590395a9e9344184b31&utm_campaign=facebookads&utm_source=fbpanda&utm_medium=conversion&utm_term=120244767840530537&utm_content=bong&fbclid=IwdGRjcAOm0sBleHRuA2FlbQEwAGFkaWQBqzH6vhRcWXNydGMGYXBwX2lkCjY2Mjg1NjgzNzkAAR7AOa26afAWqkkdJW5hFFfSq-0wwTqvbPGHmwTo0rUP2_MQyRHPn0GShVGvUA_aem_xhZ4zrLj-8COxe5G2P08Jw&utm_id=120244767840520537,0,Error,"HTTPSConnectionPool(host='ad.chientip88.pro', port=443): Max retries exceeded with url: /?a=exo_dd7b56f14a89c590395a9e9344184b31&utm_campaign=facebookads&utm_source=fbpanda&utm_medium=conversion&utm_term=120244767840530537&utm_content=bong&fbclid=IwdGRjcAOm0sBleHRuA2FlbQEwAGFkaWQBqzH6vhRcWXNydGMGYXBwX2lkCjY2Mjg1NjgzNzkAAR7AOa26afAWqkkdJW5hFFfSq-0wwTqvbPGHmwTo0rUP2_MQyRHPn0GShVGvUA_aem_xhZ4zrLj-8COxe5G2P08Jw&utm_id=120244767840520537 (Caused by SSLError(SSLEOFError(8, '[SSL: UNEXPECTED_EOF_WHILE_READING] EOF occurred in violation of protocol (_ssl.c:1077)')))",11
https://cm88.com/home/register?cid=5575380&fbclid=IwVERDUAOm0t5leHRuA2FlbQEwAGFkaWQBqytoot0RqXNydGMGYXBwX2lkCjY2Mjg1NjgzNzkAAR513nhy0xWlHXSxtHp1SNY7bQGZ3x7IRv_JF3rvOUHHeI-33gqkypl5qw9vOA_aem_2eV79cnfRkky0apHk5mtZw,0,Error,"HTTPSConnectionPool(host='cm88.com', port=443): Max retries exceeded with url: /home/register?cid=5575380&fbclid=IwVERDUAOm0t5leHRuA2FlbQEwAGFkaWQBqytoot0RqXNydGMGYXBwX2lkCjY2Mjg1NjgzNzkAAR513nhy0xWlHXSxtHp1SNY7bQGZ3x7IRv_JF3rvOUHHeI-33gqkypl5qw9vOA_aem_2eV79cnfRkky0apHk5mtZw (Caused by SSLError(SSLEOFError(8, '[SSL: UNEXPECTED_EOF_WHILE_READING] EOF occurred in violation of protocol (_ssl.c:1077)')))",12
https://ad.xi88tv.org/?aff_id=exo_ddd7307c4f9c93dfca415b23fbe6dc48&utm_campaign=facebookads&utm_source=fbpanda&utm_medium=conversion2&utm_term=120236990872570277&utm_content=bong&fbclid=IwdGRjcAOm0vNleHRuA2FlbQEwAGFkaWQBqyrn_bOihXNydGMGYXBwX2lkCjY2Mjg1NjgzNzkAAR7AOa26afAWqkkdJW5hFFfSq-0wwTqvbPGHmwTo0rUP2_MQyRHPn0GShVGvUA_aem_FfiFDe_9Df30mXYQmMucDw&utm_id=120236990694330277,0,Error,"HTTPSConnectionPool(host='ad.xi88tv.org', port=443): Max retries exceeded with url: /?aff_id=exo_ddd7307c4f9c93dfca415b23fbe6dc48&utm_campaign=facebookads&utm_source=fbpanda&utm_medium=conversion2&utm_term=120236990872570277&utm_content=bong&fbclid=IwdGRjcAOm0vNleHRuA2FlbQEwAGFkaWQBqyrn_bOihXNydGMGYXBwX2lkCjY2Mjg1NjgzNzkAAR7AOa26afAWqkkdJW5hFFfSq-0wwTqvbPGHmwTo0rUP2_MQyRHPn0GShVGvUA_aem_FfiFDe_9Df30mXYQmMucDw&utm_id=120236990694330277 (Caused by SSLError(SSLEOFError(8, '[SSL: UNEXPECTED_EOF_WHILE_READING] EOF occurred in violation of protocol (_ssl.c:1077)')))",13
https://wp.appwin79.my/?a=ceffb0d86a782c16d427db4f79909587&utm_campaign=facebookads&utm_source=tulen&utm_medium=conversion&utm_term=120235384046280342&utm_content=taixiu&fbclid=IwdGRjcAOm0yJleHRuA2FlbQEwAGFkaWQBqylx3RiZxnNydGMGYXBwX2lkCjY2Mjg1NjgzNzkAAR7AOa26afAWqkkdJW5hFFfSq-0wwTqvbPGHmwTo0rUP2_MQyRHPn0GShVGvUA_aem_3IHy77sTrlIMkBon_59ZKg&utm_id=120235384046290342,0,Error,"HTTPSConnectionPool(host='wp.appwin79.my', port=443): Max retries exceeded with url: /?a=ceffb0d86a782c16d427db4f79909587&utm_campaign=facebookads&utm_source=tulen&utm_medium=conversion&utm_term=120235384046280342&utm_content=taixiu&fbclid=IwdGRjcAOm0yJleHRuA2FlbQEwAGFkaWQBqylx3RiZxnNydGMGYXBwX2lkCjY2Mjg1NjgzNzkAAR7AOa26afAWqkkdJW5hFFfSq-0wwTqvbPGHmwTo0rUP2_MQyRHPn0GShVGvUA_aem_3IHy77sTrlIMkBon_59ZKg&utm_id=120235384046290342 (Caused by SSLError(SSLEOFError(8, '[SSL: UNEXPECTED_EOF_WHILE_READING] EOF occurred in violation of protocol (_ssl.c:1077)')))",14
ad.vaoka.club,8,"a, utm_campaign, utm_source, utm_medium, utm_term, utm_content, fbclid, utm_id","exo_1bdd55423ecb48c2a961d30e1580ca7b, facebookads, fbpanda, conversion, 120239052835820471, bong, IwdGRjcAOm00BleHRuA2FlbQEwAGFkaWQBqyzIGjcbB3NydGMGYXBwX2lkCjY2Mjg1NjgzNzkAAR7I90YKI6n8E5yD1XC65vemYdPEam1HWPxjE5vNeL5FHu00oZTIVU1Pjw_QHQ_aem_31y78esF-dh1UdnEtMm0ng, 120239052835790471",15
https://wp.debettop.vip/?a=a60ffe7c5977e5d92822a654c18e59b3&utm_campaign=facebookads&utm_source=rio&utm_medium=conversion&utm_term=120237343624860254&utm_content=seagame33&fbclid=IwdGRjcAOm01lleHRuA2FlbQEwAGFkaWQBqys8q1Cg7nNydGMGYXBwX2lkCjY2Mjg1NjgzNzkAAR7I90YKI6n8E5yD1XC65vemYdPEam1HWPxjE5vNeL5FHu00oZTIVU1Pjw_QHQ_aem_hWGR7usgbf6ptLzlW-5TtQ&utm_id=120237342698260254,0,Error,"HTTPSConnectionPool(host='wp.debettop.vip', port=443): Max retries exceeded with url: /?a=a60ffe7c5977e5d92822a654c18e59b3&utm_campaign=facebookads&utm_source=rio&utm_medium=conversion&utm_term=120237343624860254&utm_content=seagame33&fbclid=IwdGRjcAOm01lleHRuA2FlbQEwAGFkaWQBqys8q1Cg7nNydGMGYXBwX2lkCjY2Mjg1NjgzNzkAAR7I90YKI6n8E5yD1XC65vemYdPEam1HWPxjE5vNeL5FHu00oZTIVU1Pjw_QHQ_aem_hWGR7usgbf6ptLzlW-5TtQ&utm_id=120237342698260254 (Caused by SSLError(SSLEOFError(8, '[SSL: UNEXPECTED_EOF_WHILE_READING] EOF occurred in violation of protocol (_ssl.c:1077)')))",16
https://dangky.playvb88.club/?a=five_2db46663ba74f04af6f797a749f2a2bb&utm_campaign=facebookads&utm_source=jacky&utm_medium=sem&utm_term&utm_content=huyenthoaiomhu&fbclid=IwdGRjcAOm021leHRuA2FlbQEwAGFkaWQBqyzXxIKy8XNydGMGYXBwX2lkCjY2Mjg1NjgzNzkAAR7I90YKI6n8E5yD1XC65vemYdPEam1HWPxjE5vNeL5FHu00oZTIVU1Pjw_QHQ_aem_u4LJJdzBYsyrazg2h-RRUw&utm_id=120237870899640721,0,Error,"HTTPSConnectionPool(host='dangky.playvb88.club', port=443): Max retries exceeded with url: /?a=five_2db46663ba74f04af6f797a749f2a2bb&utm_campaign=facebookads&utm_source=jacky&utm_medium=sem&utm_term&utm_content=huyenthoaiomhu&fbclid=IwdGRjcAOm021leHRuA2FlbQEwAGFkaWQBqyzXxIKy8XNydGMGYXBwX2lkCjY2Mjg1NjgzNzkAAR7I90YKI6n8E5yD1XC65vemYdPEam1HWPxjE5vNeL5FHu00oZTIVU1Pjw_QHQ_aem_u4LJJdzBYsyrazg2h-RRUw&utm_id=120237870899640721 (Caused by SSLError(SSLEOFError(8, '[SSL: UNEXPECTED_EOF_WHILE_READING] EOF occurred in violation of protocol (_ssl.c:1077)')))",17
lp.top88gift.fun,8,"a, utm_campaign, utm_source, utm_medium, utm_term, utm_content, fbclid, utm_id","exo_93d3937a143c4129a0f4727b94a776df, facebookads, fbjacey, conversion, 120237739023260305, game, IwdGRjcAOm04tleHRuA2FlbQEwAGFkaWQBqyuWLB2pcXNydGMGYXBwX2lkCjY2Mjg1NjgzNzkAAR6jeQjXfF7mSI3n8X6WzPMBAP8P8lPtXwmjLw7j9E1lbbyZQ8-DbAOvXsznnA_aem_bVagtDPNJxH8bF3RZaaP-g, 120237739023240305",18
ad.ve88vn.info,8,"a, utm_campaign, utm_source, utm_medium, utm_term, utm_content, fbclid, utm_id","exo_d7d13e1afe7eab86701aeb0bd88599df, facebookads, fbpanda, conversion, 120236489575300438, bong, IwdGRjcAOm051leHRuA2FlbQEwAGFkaWQBqypzRGuitnNydGMGYXBwX2lkCjY2Mjg1NjgzNzkAAR6jeQjXfF7mSI3n8X6WzPMBAP8P8lPtXwmjLw7j9E1lbbyZQ8-DbAOvXsznnA_aem_MlU22QtrkuTA-avP9x6vmg, 120236488817910438",19
dk.f088.art,7,"fbclid, utm_medium, utm_source, utm_id, utm_content, utm_term, utm_campaign","IwdGRjcAOm07VleHRuA2FlbQEwAGFkaWQAAAZOyceNfXNydGMGYXBwX2lkCjY2Mjg1NjgzNzkAAR6jeQjXfF7mSI3n8X6WzPMBAP8P8lPtXwmjLw7j9E1lbbyZQ8-DbAOvXsznnA_aem_HV3sXhSC2lSm7vddDvA51A, paid, fb, 6930428118245, 6930428119245, 6930428118645, 6930428118245",20
zo88win.biz,8,"a, utm_source, utm_medium, utm_campaign, utm_term, utm_content, fbclid, utm_id","4befc48f97632460149302b8e346a1ca, toshiba, conversion, facebookads, 120237257940800128, toshiba-ldp10, IwdGRjcAOm08lleHRuA2FlbQEwAGFkaWQBqysmLsyRAHNydGMGYXBwX2lkCjY2Mjg1NjgzNzkAAR6jeQjXfF7mSI3n8X6WzPMBAP8P8lPtXwmjLw7j9E1lbbyZQ8-DbAOvXsznnA_aem_FYoUZSHGRytRzU9-9A6UuQ, 120237257940820128",21
https://khuyenmai.fe777.live/rc-the-thao-dinh-cao?a=d74d51c7c89bcbab3c373a3d299e0744&utm_campaign=facebookads&utm_source=facebookads&utm_medium=paid-social&utm_term=120237597493300156&fbclid=IwdGRjcAOm0-1leHRuA2FlbQEwAGFkaWQBqyt1P_0arHNydGMGYXBwX2lkCjY2Mjg1NjgzNzkAAR5Nkr3ZfZfSLbZbubYQmh88UZ3B1r3vkJYADGfrWCCLiN7NA3LzF-YD1A9I-w_aem_fVyi2L8xv2YAa5BbiTL9Bg&utm_id=120237597493290156&utm_content=120237597493300156,0,Error,"HTTPSConnectionPool(host='khuyenmai.fe777.live', port=443): Max retries exceeded with url: /rc-the-thao-dinh-cao?a=d74d51c7c89bcbab3c373a3d299e0744&utm_campaign=facebookads&utm_source=facebookads&utm_medium=paid-social&utm_term=120237597493300156&fbclid=IwdGRjcAOm0-1leHRuA2FlbQEwAGFkaWQBqyt1P_0arHNydGMGYXBwX2lkCjY2Mjg1NjgzNzkAAR5Nkr3ZfZfSLbZbubYQmh88UZ3B1r3vkJYADGfrWCCLiN7NA3LzF-YD1A9I-w_aem_fVyi2L8xv2YAa5BbiTL9Bg&utm_id=120237597493290156&utm_content=120237597493300156 (Caused by SSLError(SSLError(1, '[SSL: WRONG_VERSION_NUMBER] wrong version number (_ssl.c:1077)')))",22
dk.haywinvip.live,7,"a, utm_campaign, utm_medium, utm_term, utm_content, fbclid, utm_id","51c26a57d552ad4c2f9efde95a4c99c3, facebookads, conversion, 120238703414190468, alwayson, IwdGRjcAOm1AVleHRuA2FlbQEwAGFkaWQBqyx2tuG89HNydGMGYXBwX2lkCjY2Mjg1NjgzNzkAAR6ULpLPilk89w0V8tCgwq-LGKg7genX2OGJPYiFeekaNts_WYGAFaDjF2BeCA_aem_VL40OXOICVv8wgZHE7iTpw, 120238703414170468",23
https://tai.bongdabu88.co/?a=exo_bc5519454dfeb7fe584a62238239966a&utm_campaign=facebookads&utm_source=fbxypo&utm_medium=conversion&utm_term=120238216800780579&utm_content=bong&fbclid=IwdGRjcAOm1BhleHRuA2FlbQEwAGFkaWQBqywFsJxHI3NydGMGYXBwX2lkCjY2Mjg1NjgzNzkAAR6ULpLPilk89w0V8tCgwq-LGKg7genX2OGJPYiFeekaNts_WYGAFaDjF2BeCA_aem_ZxwbuFoJLhIO87n9HBo90Q&utm_id=120238216800760579,0,Error,"HTTPSConnectionPool(host='tai.bongdabu88.co', port=443): Max retries exceeded with url: /?a=exo_bc5519454dfeb7fe584a62238239966a&utm_campaign=facebookads&utm_source=fbxypo&utm_medium=conversion&utm_term=120238216800780579&utm_content=bong&fbclid=IwdGRjcAOm1BhleHRuA2FlbQEwAGFkaWQBqywFsJxHI3NydGMGYXBwX2lkCjY2Mjg1NjgzNzkAAR6ULpLPilk89w0V8tCgwq-LGKg7genX2OGJPYiFeekaNts_WYGAFaDjF2BeCA_aem_ZxwbuFoJLhIO87n9HBo90Q&utm_id=120238216800760579 (Caused by SSLError(SSLEOFError(8, '[SSL: UNEXPECTED_EOF_WHILE_READING] EOF occurred in violation of protocol (_ssl.c:1077)')))",24
qc.choifive88.live,8,"a, utm_campaign, utm_source, utm_medium, utm_term, utm_content, fbclid, utm_id","78e8f11f035dc1dc62bdcb3ed8b675a6, facebookads, ben10, conversion, 120237898632440111, awo, IwdGRjcAOm1DFleHRuA2FlbQEwAGFkaWQBqyu7VwFtL3NydGMGYXBwX2lkCjY2Mjg1NjgzNzkAAR6ULpLPilk89w0V8tCgwq-LGKg7genX2OGJPYiFeekaNts_WYGAFaDjF2BeCA_aem_u_wfCrYDvybt2D2ykcFB6A, 120237898261420111",25
https://vao.eventlucky88.info/?a=5b1c56985d5a0c68fb69eaa340920da1&utm_campaign=facebookads&utm_source=bon&utm_medium=conversion&utm_term=event&utm_content=bong&fbclid=IwdGRjcAOm1FNleHRuA2FlbQEwAGFkaWQBqyKz5DwJM3NydGMGYXBwX2lkCjY2Mjg1NjgzNzkAAR6ULpLPilk89w0V8tCgwq-LGKg7genX2OGJPYiFeekaNts_WYGAFaDjF2BeCA_aem_lGpFrbh_vdbbI7u5Zrtq8Q&utm_id=120227970886950243,0,Error,"HTTPSConnectionPool(host='vao.eventlucky88.info', port=443): Max retries exceeded with url: /?a=5b1c56985d5a0c68fb69eaa340920da1&utm_campaign=facebookads&utm_source=bon&utm_medium=conversion&utm_term=event&utm_content=bong&fbclid=IwdGRjcAOm1FNleHRuA2FlbQEwAGFkaWQBqyKz5DwJM3NydGMGYXBwX2lkCjY2Mjg1NjgzNzkAAR6ULpLPilk89w0V8tCgwq-LGKg7genX2OGJPYiFeekaNts_WYGAFaDjF2BeCA_aem_lGpFrbh_vdbbI7u5Zrtq8Q&utm_id=120227970886950243 (Caused by SSLError(SSLEOFError(8, '[SSL: UNEXPECTED_EOF_WHILE_READING] EOF occurred in violation of protocol (_ssl.c:1077)')))",26
wp.may88vv.club,8,"a, utm_campaign, utm_source, utm_medium, utm_term, utm_content, fbclid, utm_id","528056fe32ad9e665f640a427fec3a66, facebookads, inhouse, appinstall, 120239926301280624, taigame, IwdGRjcAOm1IpleHRuA2FlbQEwAGFkaWQBqy2Tgc0wMHNydGMGYXBwX2lkCjY2Mjg1NjgzNzkAAR5DKuiuYCHN0qZUhmWB1NPKM1eb9p6pve_IXbUjdU3zUNkgNRFjpR3ujjb75A_aem__H2u1RoZ9aWNVIhPrxBavA, 120239926301270624",27
https://lp.de88vkl.pro/?a=exo_0b65b2b3a85c3803fa2f101bfc40f493&utm_campaign=fbads&utm_source=fbherrytran&utm_medium=conversion&utm_term=120238422412590708&utm_content=bong&fbclid=IwdGRjcAOm1JxleHRuA2FlbQEwAGFkaWQBqyw1T8PL1HNydGMGYXBwX2lkCjY2Mjg1NjgzNzkAAR5DKuiuYCHN0qZUhmWB1NPKM1eb9p6pve_IXbUjdU3zUNkgNRFjpR3ujjb75A_aem_F5Bbr_BB5n7bGy_5o533bQ&utm_id=120238422412150708,0,Error,"HTTPSConnectionPool(host='lp.de88vkl.pro', port=443): Max retries exceeded with url: /?a=exo_0b65b2b3a85c3803fa2f101bfc40f493&utm_campaign=fbads&utm_source=fbherrytran&utm_medium=conversion&utm_term=120238422412590708&utm_content=bong&fbclid=IwdGRjcAOm1JxleHRuA2FlbQEwAGFkaWQBqyw1T8PL1HNydGMGYXBwX2lkCjY2Mjg1NjgzNzkAAR5DKuiuYCHN0qZUhmWB1NPKM1eb9p6pve_IXbUjdU3zUNkgNRFjpR3ujjb75A_aem_F5Bbr_BB5n7bGy_5o533bQ&utm_id=120238422412150708 (Caused by SSLError(SSLEOFError(8, '[SSL: UNEXPECTED_EOF_WHILE_READING] EOF occurred in violation of protocol (_ssl.c:1077)')))",28
https://winaz.it.com/?utm_source=spads&utm_medium=keonongang&utm_campaign=monie1&utm_term=nru&utm_content=content1&fbclid=IwdGRjcAOm1K1leHRuA2FlbQEwAGFkaWQBqztCXiLRW3NydGMGYXBwX2lkCjY2Mjg1NjgzNzkAAR5sDuVGm4AqTmx7rH7zTSQMEXjL02JmmvY4WQN7deTsTkc8syw4G9u3rt63jw_aem_E2VQVCxkpnvS4ujraI-NUA&utm_id=120254969527320555,0,Error,"HTTPSConnectionPool(host='winaz.it.com', port=443): Max retries exceeded with url: /?utm_source=spads&utm_medium=keonongang&utm_campaign=monie1&utm_term=nru&utm_content=content1&fbclid=IwdGRjcAOm1K1leHRuA2FlbQEwAGFkaWQBqztCXiLRW3NydGMGYXBwX2lkCjY2Mjg1NjgzNzkAAR5sDuVGm4AqTmx7rH7zTSQMEXjL02JmmvY4WQN7deTsTkc8syw4G9u3rt63jw_aem_E2VQVCxkpnvS4ujraI-NUA&utm_id=120254969527320555 (Caused by SSLError(SSLEOFError(8, '[SSL: UNEXPECTED_EOF_WHILE_READING] EOF occurred in violation of protocol (_ssl.c:1077)')))",29
https://lp.thegioitic88.biz/?a=five_c2719b75a2ab5edcab67d5d827d5b13a&utm_campaign=facebookads&utm_source=fred&utm_medium=conversion&utm_term=120234498437470625&utm_content=sport&fbclid=IwdGRjcAOm1MRleHRuA2FlbQEwAGFkaWQBqyijqfTDEXNydGMGYXBwX2lkCjY2Mjg1NjgzNzkAAR5fQQ-ARrJmNrBwJUk0yLgoqWk_9M7pDXJHU_nQwM2wOX6ZrimJz90OlEc1dQ_aem_Wic8liF0haq62ALzl30V5w&utm_id=120234498430110625,0,Error,"HTTPSConnectionPool(host='lp.thegioitic88.biz', port=443): Max retries exceeded with url: /?a=five_c2719b75a2ab5edcab67d5d827d5b13a&utm_campaign=facebookads&utm_source=fred&utm_medium=conversion&utm_term=120234498437470625&utm_content=sport&fbclid=IwdGRjcAOm1MRleHRuA2FlbQEwAGFkaWQBqyijqfTDEXNydGMGYXBwX2lkCjY2Mjg1NjgzNzkAAR5fQQ-ARrJmNrBwJUk0yLgoqWk_9M7pDXJHU_nQwM2wOX6ZrimJz90OlEc1dQ_aem_Wic8liF0haq62ALzl30V5w&utm_id=120234498430110625 (Caused by SSLError(SSLEOFError(8, '[SSL: UNEXPECTED_EOF_WHILE_READING] EOF occurred in violation of protocol (_ssl.c:1077)')))",30
fifaeuro.com,7,"fbclid, utm_medium, utm_source, utm_id, utm_content, utm_term, utm_campaign","IwdGRjcAOm1NlleHRuA2FlbQEwAGFkaWQBqyubn8HAiXNydGMGYXBwX2lkCjY2Mjg1NjgzNzkAAR6yg39djPnyEd_GKH5RuGqD909jaMRu9NpkEh5jNwOqs46AQBgOekPgqKhgeQ_aem_uGBpf1HU4dUcyDqGpspaAw, paid, fb, 120237060447550441, 120237762442630441, 120237472469350441, 120237060447550441",31
https://www.regbk8.com/vi-vn/register?affid=58502&fbclid=IwVERDUAOm1PhleHRuA2FlbQEwAGFkaWQBqyubn8HAiXNydGMGYXBwX2lkCjY2Mjg1NjgzNzkAAR6yg39djPnyEd_GKH5RuGqD909jaMRu9NpkEh5jNwOqs46AQBgOekPgqKhgeQ_aem_uGBpf1HU4dUcyDqGpspaAw,0,Error,"HTTPSConnectionPool(host='www.regbk8.com', port=443): Max retries exceeded with url: /vi-vn/register?affid=58502&fbclid=IwVERDUAOm1PhleHRuA2FlbQEwAGFkaWQBqyubn8HAiXNydGMGYXBwX2lkCjY2Mjg1NjgzNzkAAR6yg39djPnyEd_GKH5RuGqD909jaMRu9NpkEh5jNwOqs46AQBgOekPgqKhgeQ_aem_uGBpf1HU4dUcyDqGpspaAw (Caused by SSLError(SSLEOFError(8, '[SSL: UNEXPECTED_EOF_WHILE_READING] EOF occurred in violation of protocol (_ssl.c:1077)')))",32
5j26802241-dge6g9bjaegqdzh0.a02.azurefd.net,8,"cid, fbclid, utm_medium, utm_source, utm_id, utm_content, utm_term, utm_campaign","5656277, IwdGRjcAOm1RRleHRuA2FlbQEwAGFkaWQBqy4MWmR78nNydGMGYXBwX2lkCjY2Mjg1NjgzNzkAAR7u04gifcBTqKTsG0CqC7rZt1nM9hDTqKz59en5zK7WL6M9rSNknBkZVCVitw_aem_MKJeQKk2R5sxIO5gAeOCOg, paid, fb, 120240445636600130, 120240445636650130, 120240445636690130, 120240445636600130",33
https://dk.dabetvip.online/?a=42a8007c1df1d7e315c17e519edc0f69&utm_campaign=facebookads&utm_source=fbtoto&utm_medium=conversion&utm_content=bong&fbclid=IwdGRjcAOm1SNleHRuA2FlbQEwAGFkaWQBqysa07dROXNydGMGYXBwX2lkCjY2Mjg1NjgzNzkAAR4CnEmzUZhLO9lUtC2WKksCYBp1ufkn6R6f9LBUE6EjrRnpQ6SToaOKINvm3g_aem_oCDb2HG9xdAN9Y6vmJ45Bg&utm_id=120237208906540633&utm_term=120237208906550633,0,Error,"HTTPSConnectionPool(host='dk.dabetvip.online', port=443): Max retries exceeded with url: /?a=42a8007c1df1d7e315c17e519edc0f69&utm_campaign=facebookads&utm_source=fbtoto&utm_medium=conversion&utm_content=bong&fbclid=IwdGRjcAOm1SNleHRuA2FlbQEwAGFkaWQBqysa07dROXNydGMGYXBwX2lkCjY2Mjg1NjgzNzkAAR4CnEmzUZhLO9lUtC2WKksCYBp1ufkn6R6f9LBUE6EjrRnpQ6SToaOKINvm3g_aem_oCDb2HG9xdAN9Y6vmJ45Bg&utm_id=120237208906540633&utm_term=120237208906550633 (Caused by SSLError(SSLEOFError(8, '[SSL: UNEXPECTED_EOF_WHILE_READING] EOF occurred in violation of protocol (_ssl.c:1077)')))",34
dk.fc88a.live,8,"a, utm_campaign, utm_source, utm_medium, utm_content, fbclid, utm_id, utm_term","1907c64030bb2cb16f9096f2d91dcc98, facebookads, toto, conversion, bong, IwdGRjcAOm1UpleHRuA2FlbQEwAGFkaWQBqyk_phdBrnNydGMGYXBwX2lkCjY2Mjg1NjgzNzkAAR4CnEmzUZhLO9lUtC2WKksCYBp1ufkn6R6f9LBUE6EjrRnpQ6SToaOKINvm3g_aem_K2nfnnXDWtY_SoTsSry0ww, 120234073488760574, 120234073654670574",35
https://sut88vip.org/?a=6aa0837ef9f1471e0a8ed2f8c405f51e&utm_campaign=facebookads&utm_source=inhouse-digital&utm_medium=paid-social&utm_term=120236948326160601&fbclid=IwdGRjcAOm1WdleHRuA2FlbQEwAGFkaWQBqyrqAbhROXNydGMGYXBwX2lkCjY2Mjg1NjgzNzkAAR4IytnvktB0OmDi7DBPnxMkBaNy9ugZJ-94ciJORU7MIjpS1wvlPDwExEVceg_aem_QoqzGj-noPl0Q8UGXT0www&utm_id=120236948326150601&utm_content=120236948326160601,0,Error,"HTTPSConnectionPool(host='sut88vip.org', port=443): Max retries exceeded with url: /?a=6aa0837ef9f1471e0a8ed2f8c405f51e&utm_campaign=facebookads&utm_source=inhouse-digital&utm_medium=paid-social&utm_term=120236948326160601&fbclid=IwdGRjcAOm1WdleHRuA2FlbQEwAGFkaWQBqyrqAbhROXNydGMGYXBwX2lkCjY2Mjg1NjgzNzkAAR4IytnvktB0OmDi7DBPnxMkBaNy9ugZJ-94ciJORU7MIjpS1wvlPDwExEVceg_aem_QoqzGj-noPl0Q8UGXT0www&utm_id=120236948326150601&utm_content=120236948326160601 (Caused by SSLError(SSLEOFError(8, '[SSL: UNEXPECTED_EOF_WHILE_READING] EOF occurred in violation of protocol (_ssl.c:1077)')))",36
https://ads.lode88g.net/?a=fb3dd13fe3ddc58c7c80b8e99d9c9bc0&utm_campaign=facebookads&utm_source=fbtoto&utm_medium=conversion&utm_term=event&utm_content=lode&referrer_domain=lode88g.net&fbclid=IwdGRjcAOm1ahleHRuA2FlbQEwAGFkaWQBqytZaybSxnNydGMGYXBwX2lkCjY2Mjg1NjgzNzkAAR4IytnvktB0OmDi7DBPnxMkBaNy9ugZJ-94ciJORU7MIjpS1wvlPDwExEVceg_aem_jb6YS8QCgI-V_0RjWRbnzA&utm_id=120237477525390262,0,Error,"HTTPSConnectionPool(host='ads.lode88g.net', port=443): Max retries exceeded with url: /?a=fb3dd13fe3ddc58c7c80b8e99d9c9bc0&utm_campaign=facebookads&utm_source=fbtoto&utm_medium=conversion&utm_term=event&utm_content=lode&referrer_domain=lode88g.net&fbclid=IwdGRjcAOm1ahleHRuA2FlbQEwAGFkaWQBqytZaybSxnNydGMGYXBwX2lkCjY2Mjg1NjgzNzkAAR4IytnvktB0OmDi7DBPnxMkBaNy9ugZJ-94ciJORU7MIjpS1wvlPDwExEVceg_aem_jb6YS8QCgI-V_0RjWRbnzA&utm_id=120237477525390262 (Caused by SSLError(SSLEOFError(8, '[SSL: UNEXPECTED_EOF_WHILE_READING] EOF occurred in violation of protocol (_ssl.c:1077)')))",37
www.mspfkn.com,6,"register, token, affiliateId, AffReferrer, AffCampaign, fbclid","true, WuGZrvGdFbUccWm97xklfmNd7ZgqdRLk, 8225, m.facebook.com, 1, IwVERDUAOm1dpleHRuA2FlbQEwAGFkaWQBqys3JVc_b3NydGMGYXBwX2lkCjY2Mjg1NjgzNzkAAR4BpL5nT1bp96J_s_Pm1eqsonXYXSAeZxt7qCtNxj3SWzfqNXx1nfax1Czfbg_aem_Qu4j20xjghR3JzJLjYbKrQ",38
wb-soda111.online,7,"fbclid, utm_medium, utm_source, utm_id, utm_content, utm_term, utm_campaign","IwdGRjcAOm1fFleHRuA2FlbQEwAGFkaWQAAAZAcRfpHnNydGMGYXBwX2lkCjY2Mjg1NjgzNzkAAR4BpL5nT1bp96J_s_Pm1eqsonXYXSAeZxt7qCtNxj3SWzfqNXx1nfax1Czfbg_aem_-UjqHooCobLWnWXPE395xg, paid, fb, 6873843213014, 6873843876814, 6873843876614, 6873843213014",39
ad.vaodom8.online,8,"a, utm_campaign, utm_source, utm_medium, utm_term, utm_content, fbclid, utm_id","131720d8e5f5a56ccfdf6283cd0c786f, facebookads, tudien, conversion, 120234801369270094, fanjack-202508, IwdGRjcAOm1htleHRuA2FlbQEwAGFkaWQBqyjqOPMwLnNydGMGYXBwX2lkCjY2Mjg1NjgzNzkAAR5HeFCAu9rlMc8eZ8kHx2YE1aE8ZVxe93c-TG0ldIzmgBuobsvzYRZvm2SW1g_aem_WPaAZP95YI8py84fjHsHdQ, 120231103459660094",40
sv626.com,7,"fbclid, utm_medium, utm_source, utm_id, utm_content, utm_term, utm_campaign","IwdGRjcAOm1jZleHRuA2FlbQEwAGFkaWQBqywd2dhhzHNydGMGYXBwX2lkCjY2Mjg1NjgzNzkAAR5HeFCAu9rlMc8eZ8kHx2YE1aE8ZVxe93c-TG0ldIzmgBuobsvzYRZvm2SW1g_aem_yg_sgoF6X3pgXFo8nnSLXg, paid, fb, 120238306006930524, 120238321754540524, 120238306006950524, 120238306006930524",41
bj789.vip,7,"fbclid, utm_medium, utm_source, utm_id, utm_content, utm_term, utm_campaign","IwdGRjcAOm1kpleHRuA2FlbQEwAGFkaWQAAAZQGafUiXNydGMGYXBwX2lkCjY2Mjg1NjgzNzkAAR5SWvWbX17fmqNr3grutgduYtvDbtF1Ho-jjj5Qw1uT_pIbYr54R7-Kg3eVmg_aem_06VHrS2G05lV78E30-tNug, paid, fb, 6941096033857, 6941096034057, 6941096034257, 6941096033857",42
https://ga62.net/?fbclid=IwdGRjcAOm1m1leHRuA2FlbQEwAGFkaWQBqzQFWiiWinNydGMGYXBwX2lkCjY2Mjg1NjgzNzkAAR6cd-YRfNzBwlNEtDCh5KfBSD48GDv_7e8gsRURm4NlvW81TK8zglOymT3BUQ_aem_cq4973Oao6U0bN--RjixiA&utm_medium=paid&utm_source=fb&utm_id=120247008980100362&utm_content=120247008980120362&utm_term=120247008980110362&utm_campaign=120247008980100362,0,Error,"HTTPSConnectionPool(host='ga62.net', port=443): Max retries exceeded with url: /?fbclid=IwdGRjcAOm1m1leHRuA2FlbQEwAGFkaWQBqzQFWiiWinNydGMGYXBwX2lkCjY2Mjg1NjgzNzkAAR6cd-YRfNzBwlNEtDCh5KfBSD48GDv_7e8gsRURm4NlvW81TK8zglOymT3BUQ_aem_cq4973Oao6U0bN--RjixiA&utm_medium=paid&utm_source=fb&utm_id=120247008980100362&utm_content=120247008980120362&utm_term=120247008980110362&utm_campaign=120247008980100362 (Caused by SSLError(SSLCertVerificationError(1, ""[SSL: CERTIFICATE_VERIFY_FAILED] certificate verify failed: Hostname mismatch, certificate is not valid for 'ga62.net'. (_ssl.c:1077)"")))",43
dk.red88up.my,8,"a, utm_campaign, utm_source, utm_medium, utm_term, utm_content, fbclid, utm_id","894b0ab03c597ba9269ef58327c48efe, facebookads, rio, conversion, 120239281678580626, sea33, IwdGRjcAOm1pdleHRuA2FlbQEwAGFkaWQBqyz9fK6GgnNydGMGYXBwX2lkCjY2Mjg1NjgzNzkAAR7hrNXbOdg4HFNmjDMGMgyojkorYZsjRM0OrauVn498PwhryXc-tKy729eJLg_aem_oql0_VIxcXo9WG3swjDttg, 120239278524880626",44
qc.ve88vn.pro,8,"a, utm_campaign, utm_source, utm_medium, utm_term, utm_content, fbclid, utm_id","exo_b44808d933bce93aa34a795cb418e53d, facebookads, fbdraven, conversion, 120236895774630304, bong, IwdGRjcAOm1rVleHRuA2FlbQEwAGFkaWQBqyrR2Hr8sHNydGMGYXBwX2lkCjY2Mjg1NjgzNzkAAR7hrNXbOdg4HFNmjDMGMgyojkorYZsjRM0OrauVn498PwhryXc-tKy729eJLg_aem_j2oVmQQN-fMP8EFTxcFlwQ, 120236895774750304",45
qc.86b3t.club,8,"a, utm_campaign, utm_source, utm_medium, utm_term, utm_content, fbclid, utm_id","a38e5a52ab6f06e2fe00822ba53cc4b9, facebookads, inhouse, install, 120236425551780046, taigame, IwdGRjcAOm1sdleHRuA2FlbQEwAGFkaWQBqypkXQXWvnNydGMGYXBwX2lkCjY2Mjg1NjgzNzkAAR5uvpsuFwmZ4r9_go3raVxjLS8vKO-w-Z70Ma2myXxDApe1UkI2ppFudUF6WA_aem_qsvF1FfUjD0ovQ12-F-IbQ, 120236412664570046",46
quayfun.com,8,"ref_code, fbclid, utm_medium, utm_source, utm_id, utm_content, utm_term, utm_campaign","7COTbW844J, IwdGRjcAOm1uZleHRuA2FlbQEwAGFkaWQBqy30ggreyXNydGMGYXBwX2lkCjY2Mjg1NjgzNzkAAR6J3p6OIwvWqQwNV3zvhkn-ToUIgLLreajB254RJ82bSp3CecrJUv_pq4LU0Q_aem_3eYLKn97jRQEjOLOX08yew, paid, fb, 120239598348250729, 120240343133510729, 120239598348280729, 120239598348250729",47
https://ad.bongwi88.bet/?a=exo_5f6a0cdb0fafae11c1a2067400e4f292&utm_campaign=facebookads&utm_source=fbdraven&utm_medium=conversion&utm_term=120239925125690547&utm_content=bong&fbclid=IwdGRjcAOm1wtleHRuA2FlbQEwAGFkaWQBqy2TMiw1M3NydGMGYXBwX2lkCjY2Mjg1NjgzNzkAAR6J3p6OIwvWqQwNV3zvhkn-ToUIgLLreajB254RJ82bSp3CecrJUv_pq4LU0Q_aem_9390IQzVZkdsDzcZZ7mg3g&utm_id=120239925125650547,0,Error,"HTTPSConnectionPool(host='ad.bongwi88.bet', port=443): Max retries exceeded with url: /?a=exo_5f6a0cdb0fafae11c1a2067400e4f292&utm_campaign=facebookads&utm_source=fbdraven&utm_medium=conversion&utm_term=120239925125690547&utm_content=bong&fbclid=IwdGRjcAOm1wtleHRuA2FlbQEwAGFkaWQBqy2TMiw1M3NydGMGYXBwX2lkCjY2Mjg1NjgzNzkAAR6J3p6OIwvWqQwNV3zvhkn-ToUIgLLreajB254RJ82bSp3CecrJUv_pq4LU0Q_aem_9390IQzVZkdsDzcZZ7mg3g&utm_id=120239925125650547 (Caused by SSLError(SSLEOFError(8, '[SSL: UNEXPECTED_EOF_WHILE_READING] EOF occurred in violation of protocol (_ssl.c:1077)')))",48
km.sky88sport.site,8,"a, utm_campaign, utm_source, utm_medium, utm_term, utm_content, utm_id, fbclid","1a28f470ed2d33068b0af7cb8bba39a3, facebookads, ben10, conversion, 120232902077050018, awo-naphoan, 120232902077030018, fbVERDUAOm1zpyWJ0",49
thomo66.vip,7,"fbclid, utm_medium, utm_source, utm_id, utm_content, utm_term, utm_campaign","IwdGRjcAOm12dleHRuA2FlbQEwAGFkaWQAAAZLEjd3F3NydGMGYXBwX2lkCjY2Mjg1NjgzNzkAAR4dWkZuCVTLBfGZV_VFpHOW5A9A5hfeIXTZXwvAiC6jxNP2mzKZugHg1IHy0A_aem_GerfCurU_n9NAmsUe5VR6g, paid, fb, 6919494458111, 6919494458511, 6919494458311, 6919494458111",50
ga235.net,7,"fbclid, utm_medium, utm_source, utm_id, utm_content, utm_term, utm_campaign","IwZXh0bgNhZW0BMABhZGlkAasp7jOZT21zcnRjBmFwcF9pZAo2NjI4NTY4Mzc5AAEeGmHntEbGtasovWwjbpI3aLiGPhs_10uw2sB2NKpontzRlKqBNdxTFRt3sdk_aem_lemqYq93ufY_6dc90U_Jqw, paid, fb, 120235917395050733, 120235917395070733, 120235917395060733, 120235917395050733",51
divangelx.biz,7,"fbclid, utm_medium, utm_source, utm_id, utm_content, utm_term, utm_campaign","IwdGRjcAOm2A5leHRuA2FlbQEwAGFkaWQBqyqmXDtVV3NydGMGYXBwX2lkCjY2Mjg1NjgzNzkAAR7KwA5P1DVICK5X8pDgLMFLevMyXSytRYTPN08jlIjSNtI2jefo_s1x2EB5Hw_aem_AbNcMmrQoMZh9WYPpBYN7A, paid, fb, 120236702957570183, 120236702957580183, 120236702957560183, 120236702957570183",52
ok8386okvip.net,7,"fbclid, utm_medium, utm_source, utm_id, utm_content, utm_term, utm_campaign","IwdGRjcAOm2FxleHRuA2FlbQEwAGFkaWQBqyt5KrVGonNydGMGYXBwX2lkCjY2Mjg1NjgzNzkAAR59MYUcNFYQmvpGMYzh5WRxD3KtDBOO6T6dFxNF-ZyTDVVeFuGksZfdkTdJ_Q_aem_rxqGZzn9asTLv6KtwMTdDw, paid, fb, 120237581366020466, 120237614413160466, 120237614413130466, 120237581366020466",53
dg45.net,7,"fbclid, utm_medium, utm_source, utm_id, utm_content, utm_term, utm_campaign","IwdGRjcAOm2IRleHRuA2FlbQEwAGFkaWQAAAZKbJEzo3NydGMGYXBwX2lkCjY2Mjg1NjgzNzkAAR6T-gg21_zWCkkh9NWb1dTf4REjrE_e34SjX9BKMUw8SRtwMGL5FPz0cCW-ew_aem_wdZQPiG49OXqpvMMyUzeGQ, paid, fb, 6916715451027, 6916715450827, 6916715450627, 6916715451027",54
gak66.com,7,"fbclid, utm_medium, utm_source, utm_id, utm_content, utm_term, utm_campaign","IwdGRjcAOm2JxleHRuA2FlbQEwAGFkaWQBqyvfMJtf_3NydGMGYXBwX2lkCjY2Mjg1NjgzNzkAAR6G021JzZB4RnJZPlptwX4363HwbU8ROi2Jx-hmf1NAHsg9xZO4MR-nXGi8HA_aem_P51JLMc7dweQTaTXEbO1jg, paid, fb, 120237977207570511, 120238052505310511, 120238052505300511, 120237977207570511",55
ad.playsinvip88.click,8,"a, utm_campaign, utm_source, utm_medium, utm_term, utm_content, fbclid, utm_id","354a2e22b310c1c4e66636e893de67eb, facebookads, pid, conversion, 120239931842870580, seagame33, IwdGRjcAOm2M9leHRuA2FlbQEwAGFkaWQBqy2UyXdUJHNydGMGYXBwX2lkCjY2Mjg1NjgzNzkAAR6eeBDL-O0V0e5XDgREkGlaaCT2Jt6MJfzEX0NFvgDJC7yavfk_kY4VCq8Ssw_aem_u5weskw9j2wLuSQdbk4T2w, 120239928114340580",56
bj6868.vip,7,"fbclid, utm_medium, utm_source, utm_id, utm_content, utm_term, utm_campaign","IwdGRjcAOm2O1leHRuA2FlbQEwAGFkaWQBqyysEqSyJnNydGMGYXBwX2lkCjY2Mjg1NjgzNzkAAR7r8MZycySRWuBSOxgf0aGH77fGWghRg0gn1NNZohShJEQ_BFNogqoVkd5jGg_aem_zOuS_TFmJ-nlr371h_TcAQ, paid, fb, 120238929939580566, 120238929939570566, 120238929939590566, 120238929939580566",57
login.thethaobig88.autos,8,"a, utm_campaign, utm_source, utm_medium, utm_term, utm_content, fbclid, utm_id","baa1caa6f3a034060fa80ce5526e67c8, facebookads, toto, conversion-120240533313400260, New Leads Ad Set, sport, IwdGRjcAOm2RRleHRuA2FlbQEwAGFkaWQBqy9QSmA8xHNydGMGYXBwX2lkCjY2Mjg1NjgzNzkAAR4mmZAgRJk1NF8r0-S7d93qE32aIfVBhMnSSP1oSrQylYKBiGGvmQJzpQheAg_aem_8QDAr5gbRaSEpxf1MeEQcA, 120240533313390260",58
www.go8101.com,8,"fbclid, utm_medium, utm_source, utm_id, utm_content, utm_term, utm_campaign, fbPixelId","IwdGRjcAOm2U9leHRuA2FlbQEwAGFkaWQBqywMzCxg-nNydGMGYXBwX2lkCjY2Mjg1NjgzNzkAAR4mmZAgRJk1NF8r0-S7d93qE32aIfVBhMnSSP1oSrQylYKBiGGvmQJzpQheAg_aem__YsLMRl7UYk-UeFAtaky1A, paid, fb, 120238248358220282, 120238248358230282, 120238248358210282, 120238248358220282, 1865892844321208",59
cf-68.com,7,"fbclid, utm_medium, utm_source, utm_id, utm_content, utm_term, utm_campaign","IwdGRjcAOm2YhleHRuA2FlbQEwAGFkaWQBqyxcZaFnrHNydGMGYXBwX2lkCjY2Mjg1NjgzNzkAAR48d-lR6C_vxd5yDiYwmacf5oX1uVjt1PmoKlvJk1e4lUngpJQo4XUakU1KCA_aem__Mz39zeUF3lXr6op_1gKVw, paid, fb, 120238590310370140, 120238590310380140, 120238590310390140, 120238590310370140",60
https://lk68.biz/?fbclid=IwdGRjcAOm2adleHRuA2FlbQEwAGFkaWQBqytGvczx6XNydGMGYXBwX2lkCjY2Mjg1NjgzNzkAAR4ckrMifqjbPd8AvGUgBmmNd1R9-Dg8uVaOf78rBtrb8MksgZvzIqN8v4NKaQ_aem_26ByXVW3azE-IE0U2TnRKw&utm_medium=paid&utm_source=fb&utm_id=120237397833130297&utm_content=120237397833140297&utm_term=120237397833110297&utm_campaign=120237397833130297,0,Error,"HTTPSConnectionPool(host='lk68.biz', port=443): Max retries exceeded with url: /?fbclid=IwdGRjcAOm2adleHRuA2FlbQEwAGFkaWQBqytGvczx6XNydGMGYXBwX2lkCjY2Mjg1NjgzNzkAAR4ckrMifqjbPd8AvGUgBmmNd1R9-Dg8uVaOf78rBtrb8MksgZvzIqN8v4NKaQ_aem_26ByXVW3azE-IE0U2TnRKw&utm_medium=paid&utm_source=fb&utm_id=120237397833130297&utm_content=120237397833140297&utm_term=120237397833110297&utm_campaign=120237397833130297 (Caused by SSLError(SSLEOFError(8, '[SSL: UNEXPECTED_EOF_WHILE_READING] EOF occurred in violation of protocol (_ssl.c:1077)')))",61
n188vn.cc,8,"cid, fbclid, utm_medium, utm_source, utm_id, utm_content, utm_term, utm_campaign","3136621, IwdGRjcAOm22xleHRuA2FlbQEwAGFkaWQBqy0Lw5gFVnNydGMGYXBwX2lkCjY2Mjg1NjgzNzkAAR4HayfkZuSUK17llHDV9EgtLFaM_cGC2kPyZXThq71iD433_NYhM82NuhFOUw_aem_7Ma7xsP4LUSQpZnnSWKexg, paid, fb, 120239342769640246, 120239342769660246, 120239342769680246, 120239342769640246",62
dangnhapbig88.sbs,7,"fbclid, utm_medium, utm_source, utm_id, utm_content, utm_term, utm_campaign","IwdGRjcAOm2_1leHRuA2FlbQEwAGFkaWQBqyuULNOdIXNydGMGYXBwX2lkCjY2Mjg1NjgzNzkAAR5D5DnGdRISG9UmpS3uzN0o_TB5nZAjhwTr4-uxPLhJIeKNi15ykFJOBQ2E-Q_aem_yqgvcHVRtJnvJPaadOgwoA, paid, fb, 120237730343710113, 120237730343720113, 120237730343700113, 120237730343710113",63
khuyenmai.so79.store,8,"a, utm_campaign, utm_source, utm_medium, utm_term, fbclid, utm_id, utm_content","278f9af62c1367e748b3a95c7810282a, facebookads, facebookads, paid-social, default, IwdGRjcAOm3SVleHRuA2FlbQEwAGFkaWQBqyjZGIYEPXNydGMGYXBwX2lkCjY2Mjg1NjgzNzkAAR6QoqHFmXLm08C-5aJwVrFad0P-n4qDWu_iWXqZWQJlKCdZZ2qFD3CdL0-Qvg_aem_CCRdMNlSJftKisJ_R0ZJKA, 120234684723580477, 120234684723560477",64
https://tai.hupuk88.click/?a=063ea7be861c5af2294e8dd53d096787&utm_campaign=facebookads&utm_source=inhousefbmatrix&utm_medium=conversion&utm_term=120236753351420083&utm_content=gamehot&fbclid=IwdGRjcAOm3ZVleHRuA2FlbQEwAGFkaWQBqyqwuiRFk3NydGMGYXBwX2lkCjY2Mjg1NjgzNzkAAR6OhgDM_eTimOIcNABRSnN8DWCqr3FF5VlUQU7MGQEM7FHiHmoBiwDSu42S-Q_aem_8nYHH3Il16L3338THAw0hw&utm_id=120236753351410083,0,Error,"HTTPSConnectionPool(host='tai.hupuk88.click', port=443): Max retries exceeded with url: /?a=063ea7be861c5af2294e8dd53d096787&utm_campaign=facebookads&utm_source=inhousefbmatrix&utm_medium=conversion&utm_term=120236753351420083&utm_content=gamehot&fbclid=IwdGRjcAOm3ZVleHRuA2FlbQEwAGFkaWQBqyqwuiRFk3NydGMGYXBwX2lkCjY2Mjg1NjgzNzkAAR6OhgDM_eTimOIcNABRSnN8DWCqr3FF5VlUQU7MGQEM7FHiHmoBiwDSu42S-Q_aem_8nYHH3Il16L3338THAw0hw&utm_id=120236753351410083 (Caused by SSLError(SSLEOFError(8, '[SSL: UNEXPECTED_EOF_WHILE_READING] EOF occurred in violation of protocol (_ssl.c:1077)')))",65
vietget.online,1,fbclid,IwVERDUAOm3htleHRuA2FlbQEwAGFkaWQBqyqFhBIE73NydGMGYXBwX2lkCjY2Mjg1NjgzNzkAAR7X4w18m1qFf6XD0Ce_SUxqAvo3x7nDvwAmD9QT0iORzzXHiHePJgZzEEDjCw_aem_2abQiSnrLcGeLyqOQzrVyQ,66
nuqly.top,2,"sub, fbclid","76, IwVERDUAOm3jFleHRuA2FlbQIxMABzcnRjBmFwcF9pZAo2NjI4NTY4Mzc5AAEeSU-5i3V9-QicLbcVPzDBff7fM0110pnV9-HTPLJ77dcdQ88KmfgWY-i7_pw_aem_vC2Pt9cW_RRd31K0JcGnmA",67
cf-68.com,7,"fbclid, utm_medium, utm_source, utm_id, utm_content, utm_term, utm_campaign","IwdGRjcAOm3qJleHRuA2FlbQEwAGFkaWQBqyxcZaSb_HNydGMGYXBwX2lkCjY2Mjg1NjgzNzkAAR7MA8U5aF7MLmPFjwRNbIRXY22eAop3QZmCVfVyz7T1ATG4jm3Q6ffJ_J6cqQ_aem_Kp7NAqnDuvbfm0aamDvdTg, paid, fb, 120238590173110140, 120238590173130140, 120238590173120140, 120238590173110140",68
ac68.net,7,"fbclid, utm_medium, utm_source, utm_id, utm_content, utm_term, utm_campaign","IwdGRjcAOm4qVleHRuA2FlbQEwAGFkaWQBqyuTu_IP4nNydGMGYXBwX2lkCjY2Mjg1NjgzNzkAAR4oSj0rIZ-3USgSyyGrh0wZDHXdneyzye9AT5ExZbab2WuwWJ_KRgfO_6L3-Q_aem_R0ORfdJw2TWe9L3WPMOi_A, paid, fb, 120237728164840162, 120237728164850162, 120237728164830162, 120237728164840162",69
daga22.net,7,"fbclid, utm_medium, utm_source, utm_id, utm_content, utm_term, utm_campaign","IwdGRjcAOm435leHRuA2FlbQEwAGFkaWQAAAZYyHnD8HNydGMGYXBwX2lkCjY2Mjg1NjgzNzkAAR5mp_nyTDF1yOvM2sspUSeoac31xLgROVp74FQYa9DDk9VG80xge_MzsmDyoA_aem_1tIWJH9DI8i-I--biHnfHQ, paid, fb, 6977849733520, 6977849733920, 6977849733720, 6977849733520",70
bj66.me,7,"fbclid, utm_medium, utm_source, utm_id, utm_content, utm_term, utm_campaign","IwdGRjcAOm5BJleHRuA2FlbQEwAGFkaWQBqytjsZBLE3NydGMGYXBwX2lkCjY2Mjg1NjgzNzkAAR5A5sQkS3Fqs3AxSb3cx2_AEcp7fjh_zMrtGfs8o0g5eZjIMBEjr-PeTBoLlQ_aem_ga45wOzoqS2HhGhzC5AW1w, paid, fb, 120237522162820419, 120237522162840419, 120237522162830419, 120237522162820419",71
c3ga.net,7,"fbclid, utm_medium, utm_source, utm_id, utm_content, utm_term, utm_campaign","IwdGRjcAOm5GRleHRuA2FlbQEwAGFkaWQBqywQVZHYNnNydGMGYXBwX2lkCjY2Mjg1NjgzNzkAAR6rmRZ0EvmmGv_aqfAM4esq5Jii2BwJb1F6cMCcgAlImdqvudznGqq0UyAJTA_aem_6EjU70HQ1ZfBZhmAId7xaw, paid, fb, 120238263455480422, 120238263455500422, 120238263455490422, 120238263455480422",72
sv26.net,7,"fbclid, utm_medium, utm_source, utm_id, utm_content, utm_term, utm_campaign","IwdGRjcAOm5LtleHRuA2FlbQEwAGFkaWQBqy2tq_Pm0nNydGMGYXBwX2lkCjY2Mjg1NjgzNzkAAR71rqRm2562kELYj-jwNRaT3ZFJMm6uN7FwaLiV3jxdbxhmbBgtyjVEFAq7Ng_aem_RVTIM7CJwvwgm634RcD3Xw, paid, fb, 120240038964240514, 120240038964250514, 120240038964230514, 120240038964240514",73
ga90.net,7,"fbclid, utm_medium, utm_source, utm_id, utm_content, utm_term, utm_campaign","IwdGRjcAOm5M5leHRuA2FlbQEwAGFkaWQBqy3ScZHpo3NydGMGYXBwX2lkCjY2Mjg1NjgzNzkAAR7en7L7Dqo4kYrISWsxEo6kKO7O2eVwHuYYUM1AXMkWBH6FlJI-iHyDjeeWoA_aem_crei6OMLKNgMi_wT1dEumA, paid, fb, 120240196603670131, 120240196603660131, 120240196603680131, 120240196603670131",74
camcpc.com,7,"fbclid, utm_medium, utm_source, utm_id, utm_content, utm_term, utm_campaign","IwdGRjcAOnBQhleHRuA2FlbQEwAGFkaWQBqytdd019uHNydGMGYXBwX2lkCjY2Mjg1NjgzNzkAAR6CLmHIbuQYK40Amy5_jt8TKGAp3H62v2CVKrwEdgnojcUoZplTxkj43C1T3w_aem_tunDxxWLzAFprA81SbFHqw, paid, fb, 120237494918810168, 120237494918830168, 120237494918820168, 120237494918810168",75
c3ga.net,7,"fbclid, utm_medium, utm_source, utm_id, utm_content, utm_term, utm_campaign","IwdGRjcAOnBdRleHRuA2FlbQEwAGFkaWQBqywQVZHYNnNydGMGYXBwX2lkCjY2Mjg1NjgzNzkAAR6pnIT8v4fXKAXkOMq5yFYVnAU3YWmcETYR06dHtSzcKojcZfMLXGONKnqXOg_aem_qhCeGdscrr7D0Db8cfP8WA, paid, fb, 120238263455480422, 120238263455500422, 120238263455490422, 120238263455480422",76
https://ega388.com/?fbclid=IwdGRjcAOnBiNleHRuA2FlbQEwAGFkaWQAAAZCKcgXdnNydGMGYXBwX2lkCjY2Mjg1NjgzNzkAAR4SU5GfwniIwyB24zTg4_S3LeMVWgLgl1oUhHFUd4QztyITiS6iE1F3MWlEjA_aem_x5Q7HLycmXawTMDEicx5wg&utm_medium=paid&utm_source=fb&utm_id=6881235690454&utm_content=6881235690254&utm_term=6881235690654&utm_campaign=6881235690454,0,Error,"HTTPSConnectionPool(host='ega388.com', port=443): Max retries exceeded with url: /?fbclid=IwdGRjcAOnBiNleHRuA2FlbQEwAGFkaWQAAAZCKcgXdnNydGMGYXBwX2lkCjY2Mjg1NjgzNzkAAR4SU5GfwniIwyB24zTg4_S3LeMVWgLgl1oUhHFUd4QztyITiS6iE1F3MWlEjA_aem_x5Q7HLycmXawTMDEicx5wg&utm_medium=paid&utm_source=fb&utm_id=6881235690454&utm_content=6881235690254&utm_term=6881235690654&utm_campaign=6881235690454 (Caused by SSLError(SSLCertVerificationError(1, ""[SSL: CERTIFICATE_VERIFY_FAILED] certificate verify failed: Hostname mismatch, certificate is not valid for 'ega388.com'. (_ssl.c:1077)"")))",77
bga147.net,7,"fbclid, utm_medium, utm_source, utm_id, utm_content, utm_term, utm_campaign","IwdGRjcAOnIqxleHRuA2FlbQEwAGFkaWQAAAY4b1-AE3NydGMGYXBwX2lkCjY2Mjg1NjgzNzkAAR7jk8ce82eJjORSKn8Ic1WKCU7lc9-PfeJuhmUUd2a2XaLR85lgU4av_mPTwA_aem_E_3qPXqvyzS2ka_0cBDhRg, paid, fb, 6839094179915, 6839094180315, 6839094180115, 6839094179915",78
gaz388.com,7,"fbclid, utm_medium, utm_source, utm_id, utm_content, utm_term, utm_campaign","IwdGRjcAOnJF1leHRuA2FlbQEwAGFkaWQBqynvPoIDg3NydGMGYXBwX2lkCjY2Mjg1NjgzNzkAAR7tApIQWqvbox-pcHp-EUK79XvrfFrFCqNQVILLlSLvtXtJ7BKdYJ_HTsQPOA_aem_52gc-Gttox1z2U9fGTBo2w, paid, fb, 120235922167760643, 120235922167740643, 120235922167750643, 120235922167760643",79
vuagae2.com,7,"fbclid, utm_medium, utm_source, utm_id, utm_content, utm_term, utm_campaign","IwdGRjcAOnJJZleHRuA2FlbQEwAGFkaWQBqy1EYw9oOHNydGMGYXBwX2lkCjY2Mjg1NjgzNzkAAR7HHjG4vA5jaqYGMlX2gM_Fc9m8r4NOKpzGFg2xX79rcm7vGc7-vUowR0eduA_aem_kMHj5plN3iCoyiyS2OVQ3A, paid, fb, 120239586746000264, 120239586746030264, 120239586746020264, 120239586746000264",80
gavui79.com,7,"fbclid, utm_medium, utm_source, utm_id, utm_content, utm_term, utm_campaign","IwdGRjcAOnJQVleHRuA2FlbQEwAGFkaWQBqyz5ISQ1anNydGMGYXBwX2lkCjY2Mjg1NjgzNzkAAR59GjfMyozJzRD9Uqd9yBFmDvE6m_X-m2k9nIhSl0vCKLxL8Er2YLQ3Y9na-A_aem_RI5X1VfwPq1twVi8VbJ8vw, paid, fb, 120239263239670058, 120239263239660058, 120239263239680058, 120239263239670058",81
ga90.net,7,"fbclid, utm_medium, utm_source, utm_id, utm_content, utm_term, utm_campaign","IwdGRjcAOnJWNleHRuA2FlbQEwAGFkaWQBqy3ScZHpo3NydGMGYXBwX2lkCjY2Mjg1NjgzNzkAAR4GWrV-NX4se2-YfeYCYJwX8oy9aPNQ44eT0WbZwX-unzJ0aw87xB68dgW3JA_aem_E8m4EImFthvAnqWD2DILQw, paid, fb, 120240196603670131, 120240196603660131, 120240196603680131, 120240196603670131",82
bj666.vip,7,"fbclid, utm_medium, utm_source, utm_id, utm_content, utm_term, utm_campaign","IwdGRjcAOnJYlleHRuA2FlbQEwAGFkaWQBqyiQ_xyo9XNydGMGYXBwX2lkCjY2Mjg1NjgzNzkAAR5WF5dhIgE6xrFrSN9oWkgjCJzDwztaQr-HIYQPMz7AaKsmE8W_JbBYmy_XCg_aem_igJItalrTVPhtyc3rE3TaQ, paid, fb, 120234418123030117, 120234418123020117, 120234418123010117, 120234418123030117",83
wala79.com,7,"fbclid, utm_medium, utm_source, utm_id, utm_content, utm_term, utm_campaign","IwdGRjcAOnKIVleHRuA2FlbQEwAGFkaWQBqyxjFbbeU3NydGMGYXBwX2lkCjY2Mjg1NjgzNzkAAR4n3GCqQ6WGggz6XMG3CE4RTPJRYjhw18kdD5CEhXscl1KeeFYkcrlPUx3Xpg_aem_rmiaJ33Hn5I8UyJ5nYcdvQ, paid, fb, 120238618912820563, 120238618912840563, 120238618912830563, 120238618912820563",84
sv393.net,7,"fbclid, utm_medium, utm_source, utm_id, utm_content, utm_term, utm_campaign","IwdGRjcAOnKOhleHRuA2FlbQEwAGFkaWQAAAZK0HoGU3NydGMGYXBwX2lkCjY2Mjg1NjgzNzkAAR6SA5GrrNLSlkDasMX55Y-R7d7D9Lip6EbjDilKX1pFLTqqU0Ru2xcKJAPj-A_aem_Q27NKAwtHKHfRL5o7d-gGQ, paid, fb, 6918378409499, 6918378409299, 6918378409699, 6918378409499",85
https://ga62.net/?fbclid=IwdGRjcAOnKRBleHRuA2FlbQEwAGFkaWQBqzQkNkd3OnNydGMGYXBwX2lkCjY2Mjg1NjgzNzkAAR5jxhvv9DEOYMFhb4bRJpj95b-JTNRXqT_klzLQJh5O63hdT7LkSWQV9_umXw_aem_ycZFVd5iPCY2OxH_ZZAjvQ&utm_medium=paid&utm_source=fb&utm_id=120247144782060362&utm_content=120247144782080362&utm_term=120247144782070362&utm_campaign=120247144782060362,0,Error,"HTTPSConnectionPool(host='ga62.net', port=443): Max retries exceeded with url: /?fbclid=IwdGRjcAOnKRBleHRuA2FlbQEwAGFkaWQBqzQkNkd3OnNydGMGYXBwX2lkCjY2Mjg1NjgzNzkAAR5jxhvv9DEOYMFhb4bRJpj95b-JTNRXqT_klzLQJh5O63hdT7LkSWQV9_umXw_aem_ycZFVd5iPCY2OxH_ZZAjvQ&utm_medium=paid&utm_source=fb&utm_id=120247144782060362&utm_content=120247144782080362&utm_term=120247144782070362&utm_campaign=120247144782060362 (Caused by SSLError(SSLCertVerificationError(1, ""[SSL: CERTIFICATE_VERIFY_FAILED] certificate verify failed: Hostname mismatch, certificate is not valid for 'ga62.net'. (_ssl.c:1077)"")))",86
ga188.net,7,"fbclid, utm_medium, utm_source, utm_id, utm_content, utm_term, utm_campaign","IwdGRjcAOnKSlleHRuA2FlbQEwAGFkaWQBqy34R3YUiXNydGMGYXBwX2lkCjY2Mjg1NjgzNzkAAR5FvaQLAoSdI2M7DuRASSwQFt4VgqqIJETvpa6ezbd3v3CWriUreW7OYmo6SQ_aem_TTILobyGTQOBCYfTtgMP_g, paid, fb, 120240260088640281, 120240359306250281, 120240359306240281, 120240260088640281",87
ga235.net,7,"fbclid, utm_medium, utm_source, utm_id, utm_content, utm_term, utm_campaign","IwZXh0bgNhZW0BMABhZGlkAasp7jOZT21zcnRjBmFwcF9pZAo2NjI4NTY4Mzc5AAEeg91b5rwDYg_pVLFtGAwt39Kmi9ksY9OHp1Y-lZzmUrW47Waw04KD26rZEEU_aem_E8kx1U6hQ_B-gOcQ8MIDYw, paid, fb, 120235917395050733, 120235917395070733, 120235917395060733, 120235917395050733",88
thomo388.com,7,"fbclid, utm_medium, utm_source, utm_id, utm_content, utm_term, utm_campaign","IwdGRjcAOnKaxleHRuA2FlbQEwAGFkaWQBqzCoBK9cB3NydGMGYXBwX2lkCjY2Mjg1NjgzNzkAAR7-yFev4xJH2254coRvqQv1W9Mpc-33APvZDCHVKiHUV9nArqoZP6wkYIgXHg_aem_AmeXyBIn0GmBS9BEjYsnZQ, paid, fb, 120243236571380311, 120243313065050311, 120243236671450311, 120243236571380311",89
ae668.com,7,"fbclid, utm_medium, utm_source, utm_id, utm_content, utm_term, utm_campaign","IwdGRjcAOnKcVleHRuA2FlbQEwAGFkaWQBqytlZYaVQHNydGMGYXBwX2lkCjY2Mjg1NjgzNzkAAR5TMB288zow22fa8XSV0Cyv6rKTOEWdHbgPVRuLEl3dg49wH5hTgTp2ZGWkdA_aem_3StBOkQaMATP9YxTA31ycw, paid, fb, 120237521078020224, 120237521078030224, 120237521078010224, 120237521078020224",90
sv252.com,7,"fbclid, utm_medium, utm_source, utm_id, utm_content, utm_term, utm_campaign","IwdGRjcAOnKk1leHRuA2FlbQEwAGFkaWQBqy0w5FiUi3NydGMGYXBwX2lkCjY2Mjg1NjgzNzkAAR4ZnJyhtOckcrmNTGciYvwGywV-JIvFgGGqHm6pE0aNkZqkNHpdmJHHPIEwCA_aem_6eQAPDUa1cK70nFUz26U-w, paid, fb, 120239502992840683, 120239502992890683, 120239502992830683, 120239502992840683",91
boga588.net,7,"fbclid, utm_medium, utm_source, utm_id, utm_content, utm_term, utm_campaign","IwdGRjcAOnKmRleHRuA2FlbQEwAGFkaWQBqy0yv4iuVXNydGMGYXBwX2lkCjY2Mjg1NjgzNzkAAR7D3i_j7ROH9NISaKWdQGwBqJxtqiEKcS-tMs-226WbelPNR6M72lmeWclDgg_aem_Txj5Ww7PAnttP_JqR0HM-w, paid, fb, 120239507731670613, 120239507731700613, 120239507731750613, 120239507731670613",92
dg45.net,7,"fbclid, utm_medium, utm_source, utm_id, utm_content, utm_term, utm_campaign","IwdGRjcAOnKqlleHRuA2FlbQEwAGFkaWQAAAZKbJEzo3NydGMGYXBwX2lkCjY2Mjg1NjgzNzkAAR5u6wh-_y6O6KCqgmmKTHEUnfRNu9auoLkRv5giiLi2J8O2khIjW49WiUF2sA_aem_WGLC8a7NnLtpdcZmE8M2ng, paid, fb, 6916715451027, 6916715450827, 6916715450627, 6916715451027",93
daga567.net,7,"fbclid, utm_medium, utm_source, utm_id, utm_content, utm_term, utm_campaign","IwdGRjcAOnKxNleHRuA2FlbQEwAGFkaWQBqyrzFSre_3NydGMGYXBwX2lkCjY2Mjg1NjgzNzkAAR6acbH4B5SHF-jMwmDBIjl3le-5LZfq1hAw2-JJJu8UjPOD_o7R3cOjyMvS7A_aem_c7Bz9VSaGl0AUgc9yt2Kvg, paid, fb, 120237036858870767, 120237036858890767, 120237036858880767, 120237036858870767",94
bj66v1.com,7,"fbclid, utm_medium, utm_source, utm_id, utm_content, utm_term, utm_campaign","IwdGRjcAOnK9hleHRuA2FlbQEwAGFkaWQBqyv4hvvqZnNydGMGYXBwX2lkCjY2Mjg1NjgzNzkAAR51gjhXRMDoQXygvGd7q71jr49_TI-w448T9Vrl0DRmGwCRfk7Iw1NM1ao6Eg_aem_3YadXwb4Crg1tF_oBH5s8Q, paid, fb, 120238161347910374, 120238161347890374, 120238161347900374, 120238161347910374",95
sv667.net,7,"fbclid, utm_medium, utm_source, utm_id, utm_content, utm_term, utm_campaign","IwdGRjcAOnK_hleHRuA2FlbQEwAGFkaWQBqzFVM6hR_HNydGMGYXBwX2lkCjY2Mjg1NjgzNzkAAR4QxfTzmRrjLO7s9zZ4xi3xvvQYTjs9OpFM61aKB6dKrw9pvUb440hmRYDJew_aem_qHunXCYWjZyenOkhr1jeYQ, paid, fb, 120244045582970348, 120244045582990348, 120244045582980348, 120244045582970348",96
gvui79.com,7,"fbclid, utm_medium, utm_source, utm_id, utm_content, utm_term, utm_campaign","IwdGRjcAOnNUxleHRuA2FlbQEwAGFkaWQBqylE6vzwHXNydGMGYXBwX2lkCjY2Mjg1NjgzNzkAAR4fCfTpN-SwBxoMhjhftWhrm-jlSA8ibZ2c6mcoPFLp731V6tbKUsR7Ru7tUg_aem_LKj6iP26-3xBYt5P7QSajw, paid, fb, 120235190615150141, 120235190615160141, 120235190615170141, 120235190615150141",97
gaz388.com,7,"fbclid, utm_medium, utm_source, utm_id, utm_content, utm_term, utm_campaign","IwdGRjcAOnNcJleHRuA2FlbQEwAGFkaWQBqyoJsrIg43NydGMGYXBwX2lkCjY2Mjg1NjgzNzkAAR53U-TKGDS2i4tDgG8QEaj7ncUEx2lQKpwib5us89jDvWqN4J1VBY0bEPXcMQ_aem_0q80OW5n40pq14z5AXDuDA, paid, fb, 120236035695630643, 120236035695650643, 120236035695640643, 120236035695630643",98
pzuvh75.v8logic.cn,7,"fbclid, utm_medium, utm_source, utm_id, utm_content, utm_term, utm_campaign","IwdGRjcAOnNeRleHRuA2FlbQEwAGFkaWQAAAZI7Imm13NydGMGYXBwX2lkCjY2Mjg1NjgzNzkAAR6_hFolEdQD9XFjeiFKMA4tKeldsb19h3e8N1gIljeVf3Xs0J2gDEoy5ynbHA_aem_xREFtzdQZi6AoHvjqGwf2A, paid, fb, 6910265593687, 6910265594087, 6910265593887, 6910265593687",99
gta62.com,7,"fbclid, utm_medium, utm_source, utm_id, utm_content, utm_term, utm_campaign","IwdGRjcAOnNhNleHRuA2FlbQEwAGFkaWQBqyyaiP98k3NydGMGYXBwX2lkCjY2Mjg1NjgzNzkAAR7lHjylhr0zZ61GVU0lpyI-Nr5_Rp1FY1MXu55W5Ys9wH-cOljWh29moelbWw_aem_5_Xqp3NuKaQYFWBIWUOVYg, paid, fb, 120238856631400787, 120238856631390787, 120238856631410787, 120238856631400787",100
bga147.net,7,"fbclid, utm_medium, utm_source, utm_id, utm_content, utm_term, utm_campaign","IwdGRjcAOnNp9leHRuA2FlbQEwAGFkaWQAAAY4b1-AE3NydGMGYXBwX2lkCjY2Mjg1NjgzNzkAAR5E7P-oxQQDzNu2EOWeY-9v4qcoX_yD2P6X2_EfWmageOW7Ro41V14aB-6Oyg_aem_3Te3_dMd9UdW3_rGIZqbIg, paid, fb, 6839094179915, 6839094180315, 6839094180115, 6839094179915",101
bj6600.com,7,"fbclid, utm_medium, utm_source, utm_id, utm_content, utm_term, utm_campaign","IwdGRjcAOnNsVleHRuA2FlbQEwAGFkaWQBqytvXPYnMnNydGMGYXBwX2lkCjY2Mjg1NjgzNzkAAR5aZdb-5sWUJexIhLRPxLAEFNVRS_1gRE0Oo9MwShILhJGEOxUaCwCM0nm9rg_aem_9NoQlqFqKQhPOeop3IebiA, paid, fb, 120237572238770098, 120237572238780098, 120237572238760098, 120237572238770098",102
sv778.net,7,"fbclid, utm_medium, utm_source, utm_id, utm_content, utm_term, utm_campaign","IwdGRjcAOnNt9leHRuA2FlbQEwAGFkaWQBqygCP5kx63NydGMGYXBwX2lkCjY2Mjg1NjgzNzkAAR7iA7CKzq__496FgvY1JGKQeFKrNFvnyRyrdaTp8dx1nFtyAcB7KnquKsa2Cw_aem_NzcxX9s0DLKfM4AQzVf2Zg, paid, fb, 120233767829420139, 120233767829460139, 120233767829430139, 120233767829420139",103
boga66.net,7,"fbclid, utm_medium, utm_source, utm_id, utm_content, utm_term, utm_campaign","IwdGRjcAOnN31leHRuA2FlbQEwAGFkaWQBqyzjNR-7tnNydGMGYXBwX2lkCjY2Mjg1NjgzNzkAAR5sq_jG1dqbXv-iUoCYXmyfNdX_TjyH6S9RwD6o6IPFEUl_iYqn-VHlriWroA_aem_NpDj8DmZEiqsiKnHQpHiqA, paid, fb, 120239168948010566, 120239168948030566, 120239168948020566, 120239168948010566",104
daga89.net,7,"fbclid, utm_medium, utm_source, utm_id, utm_content, utm_term, utm_campaign","IwdGRjcAOnOFBleHRuA2FlbQEwAGFkaWQBqysP-hZRb3NydGMGYXBwX2lkCjY2Mjg1NjgzNzkAAR4Yhfo9z0ImnA-_WM4zvmudZ3tG6yKOq_Q3OvDMf8Pl8XfaBO1eGpEg_BcEww_aem_dUeujrsdoeK0ekE_trAxhg, paid, fb, 120237160956860559, 120237160956870559, 120237160956880559, 120237160956860559",105
ec36.net,7,"fbclid, utm_medium, utm_source, utm_id, utm_content, utm_term, utm_campaign","IwdGRjcAOnOH1leHRuA2FlbQEwAGFkaWQAAAZGSe6r-HNydGMGYXBwX2lkCjY2Mjg1NjgzNzkAAR7ORXJbRhAaurigyKQ_9ItsvZMNusA0xQjyOIJDYyNtbp60Pi8TZUIb8Oiw4A_aem_A_G5E9s4nwIJRUdaLcNoxw, paid, fb, 6898939332336, 6898939331536, 6898939332936, 6898939332336",106
thomo388.com,7,"fbclid, utm_medium, utm_source, utm_id, utm_content, utm_term, utm_campaign","IwdGRjcAOnORdleHRuA2FlbQEwAGFkaWQBqzCoBK9cB3NydGMGYXBwX2lkCjY2Mjg1NjgzNzkAAR7x2FkrE6ad-_pQki06C1tzj9sIntHNOwDxPLHw7cp0rQ72woBBVanVpJ3gWQ_aem_MlrrQ-f-UOkYo6E6Qt7VdQ, paid, fb, 120243236571380311, 120243313065050311, 120243236671450311, 120243236571380311",107
sv667.net,7,"fbclid, utm_medium, utm_source, utm_id, utm_content, utm_term, utm_campaign","IwdGRjcAOnOWxleHRuA2FlbQEwAGFkaWQBqzFVM6hR_HNydGMGYXBwX2lkCjY2Mjg1NjgzNzkAAR5xouPf5cximh8ofI8MQzX-O72Pl0YtA7EfqMEuIGs-9kR5gUWSj8rJ9Tjduw_aem_T5NVvD-JunImibfMTyALjw, paid, fb, 120244045582970348, 120244045582990348, 120244045582980348, 120244045582970348",108
thomo678.vip,7,"fbclid, utm_medium, utm_source, utm_id, utm_content, utm_term, utm_campaign","IwdGRjcAOnOb1leHRuA2FlbQEwAGFkaWQAAAZKdaMhC3NydGMGYXBwX2lkCjY2Mjg1NjgzNzkAAR4vgRPuehqPvpJgqec0m7Hm8eCAKueaVlcu2xkrXFZEUaUWYrUJO3KOJdLTRw_aem_Uq83MrOn0mXPZfsSgMXgQg, paid, fb, 6916869887859, 6916869887459, 6916869887659, 6916869887859",109
bst88.net,7,"fbclid, utm_medium, utm_source, utm_id, utm_content, utm_term, utm_campaign","IwdGRjcAOnOmRleHRuA2FlbQEwAGFkaWQBqy1nO-f7pnNydGMGYXBwX2lkCjY2Mjg1NjgzNzkAAR6jxIRLhpbkSIzmSMqlfKYljC7jwDid9Ro9-UCWga0DSJFmuAEIE2WYlwqqJQ_aem_XHJIMOYPLwLTkvQ0HyPdcA, paid, fb, 120239734377750502, 120239734377730502, 120239734377740502, 120239734377750502",110
vuagae2.com,7,"fbclid, utm_medium, utm_source, utm_id, utm_content, utm_term, utm_campaign","IwdGRjcAOnOqFleHRuA2FlbQEwAGFkaWQBqy1EScGX6HNydGMGYXBwX2lkCjY2Mjg1NjgzNzkAAR7qZ-dtBEF87Y4sQSWwgxzqJx2mVNxwfF86w8gwB3AR9BPrjXWoVUeHEvF7Jg_aem_lQDfZ_EmdevhhBG1RCwQYQ, paid, fb, 120239585396870264, 120239585396900264, 120239585396890264, 120239585396870264",111
bj6868.vip,7,"fbclid, utm_medium, utm_source, utm_id, utm_content, utm_term, utm_campaign","IwdGRjcAOnOrhleHRuA2FlbQEwAGFkaWQBqyy76dfztnNydGMGYXBwX2lkCjY2Mjg1NjgzNzkAAR6nHKK4cnTKDR7s6slYHbBNM4gnF5-yaWtnziQTmDuV96ytB55ejqHsYGKTYw_aem_qPapn5_sGpXKrinevuSDxg, paid, fb, 120238929939580566, 120239000598690566, 120238931692890566, 120238929939580566",112
dg45.net,7,"fbclid, utm_medium, utm_source, utm_id, utm_content, utm_term, utm_campaign","IwdGRjcAOnOt9leHRuA2FlbQEwAGFkaWQAAAZKbJEzo3NydGMGYXBwX2lkCjY2Mjg1NjgzNzkAAR4ARA6jyACt1P9f09q8-RputyPDZHbBpCmembCVwTlb0aUJl_DYPLyyN6C0Tg_aem_rVJqT4NkcA3xJ04ucUKFKQ, paid, fb, 6916715451027, 6916715450827, 6916715450627, 6916715451027",113
ga90.net,7,"fbclid, utm_medium, utm_source, utm_id, utm_content, utm_term, utm_campaign","IwdGRjcAOnO2BleHRuA2FlbQEwAGFkaWQBqy3ScZHpo3NydGMGYXBwX2lkCjY2Mjg1NjgzNzkAAR42RPUp4pHVd-u-4Qr4I6wSqvpSxvyx1vQMlqvP8hTqVaysF0kvdfAr00ADrg_aem_Q2q1D4wEv0C9uNrhzRx84g, paid, fb, 120240196603670131, 120240196603660131, 120240196603680131, 120240196603670131",114
